photoIdx,NDVI,OSAVI,PSSRa,PSSRb,PRI,MTVI2,SR,DVI,SIPI,PSRI,CRI1,CRI2,ARI1,ARI2,WBI
1,0.8634166831012743,0.7808211867319997,2.061883944863967,2.0582251208450324,0.0884792214606538,0.925441154812187,2.061883944863967,-0.983691430507683,0.8671148566926165,0.9889116950151037,8.542482649006194,12.465021535749425,0.19217797816733884,0.18431494481975386,0.8023687036210574
