Idx,file,SPAD,A1200,N,Ca,Cb
1,,57.69680605359221,10.559824123686926,7.271918616315942,3.9930380162737666,1.0043859256207928,1.0043859256207928
