NDVI,OSAVI,PSSRa,PSSRb,RPI,MTVI2,SPAD,A1200,N,Ca,Cb
0.599574917,0.622629094,3.994692109,4.00182323,-0.154888173,0.779187965,0.329512913,39.22109304,-3.493650203,18.96443659,5.80745089
