photoIdx,NDVI,OSAVI,PSSRa,PSSRb,PRI,MTVI2,SR,DVI,SIPI,PSRI,CRI1,CRI2,ARI1,ARI2,WBI
photoIdx,NDVI,OSAVI,PSSRa,PSSRb,PRI,MTVI2,SR,DVI,SIPI,PSRI,CRI1,CRI2,ARI1,ARI2,WBI
1,0.8448097294311685,0.8623504237124525,2.061050212761418,2.0565081428643692,0.08377812716469621,2.2951139488919603,2.061050212761418,-0.9794388888797477,0.8482677175095901,0.988912713244569,6.993527411293233,8.186820186561693,0.185396190175254,0.18464344156434348,0.8018309266669665
