NDVI,OSAVI,PSSRb,PSSRb,RPI,MTVI2,AC,SPAD
0.12637317211699994,0.1950896080674247,1.2893069857372201,1.0957449742072323,0.018078664639328012
