NDVI,OSAVI,PSSRb,PSSRb,RPI,MTVI2,AC,SPAD
0.5219143899161814,0.0011430812323658802,3.183351177730193,3.145240982506837,-0.10374244621162314,0
