NDVI,OSAVI,PSSRb,PSSRb,RPI,MTVI2,AC,SPAD
0.351978710996139,0.5174089424706109,2.0863183570317605,1.7568889911829844,-0.05950610233187344,0
