NDVI,OSAVI,PSSRb,PSSRb,RPI,MTVI2,AC,SPAD
0.599574917452221,0.6226290936798256,3.994692108882462,4.001823230379861,-0.15488817330128504,0.7791879647706145
