NDVI,OSAVI,PSSRb,PSSRb,RPI,MTVI2,AC,SPAD
0.351978710996139,0.5219816586214788,2.0863183570317605,1.7568889911829841,-0.05950610233187347,0
