NDVI,OSAVI,PSSRb,PSSRb,RPI,MTVI2,AC,SPAD
0.36668006554325255,0.5128867359115585,2.1579615470584717,1.8757626460611636,-0.06255411763102536,0
